Day,GE,Returns,,Lag 1,Lag 2,Lag 3,Lag 4,Lag5,,,
1,17.07,,,,,,,,,Lag,Correleation 5
2,16.63,-0.44,,17.07,,,,,,1,0.993120977
3,16.86,0.23,0.67,16.63,17.07,,,,,2,0.985766656
4,16.11,-0.75,-0.98,16.86,16.63,17.07,,,,3,0.977645267
5,16.14,0.03,0.78,16.11,16.86,16.63,17.07,,,4,0.970143196
6,16,-0.14,-0.17,16.14,16.11,16.86,16.63,17.07,,5,0.961876391
7,15.83,-0.17,-0.03,16,16.14,16.11,16.86,16.63,,,
8,14.94,-0.89,-0.72,15.83,16,16.14,16.11,16.86,,,
9,14.11,-0.83,0.06,14.94,15.83,16,16.14,16.11,,,
10,13.77,-0.34,0.49,14.11,14.94,15.83,16,16.14,,,
11,13.96,0.19,0.53,13.77,14.11,14.94,15.83,16,,,
12,12.93,-1.03,-1.22,13.96,13.77,14.11,14.94,15.83,,,
13,13.03,0.1,1.13,12.93,13.96,13.77,14.11,14.94,,,
14,13.48,0.45,0.35,13.03,12.93,13.96,13.77,14.11,,,
15,12.03,-1.45,-1.9,13.48,13.03,12.93,13.96,13.77,,,
16,12.42,0.39,1.84,12.03,13.48,13.03,12.93,13.96,,,
17,13.06,0.64,0.25,12.42,12.03,13.48,13.03,12.93,,,
18,13.5,0.44,-0.2,13.06,12.42,12.03,13.48,13.03,,,
19,12.72,-0.78,-1.22,13.5,13.06,12.42,12.03,13.48,,,
20,12.13,-0.59,0.19,12.72,13.5,13.06,12.42,12.03,,,
21,11.62,-0.51,0.08,12.13,12.72,13.5,13.06,12.42,,,
22,11.37,-0.25,0.26,11.62,12.13,12.72,13.5,13.06,,,
23,11.26,-0.11,0.14,11.37,11.62,12.13,12.72,13.5,,,
24,10.85,-0.41,-0.3,11.26,11.37,11.62,12.13,12.72,,,
25,11.1,0.25,0.66,10.85,11.26,11.37,11.62,12.13,,,
26,12.64,1.54,1.29,11.1,10.85,11.26,11.37,11.62,,,
27,11.62,-1.02,-2.56,12.64,11.1,10.85,11.26,11.37,,,
28,11.94,0.32,1.34,11.62,12.64,11.1,10.85,11.26,,,
29,11.68,-0.26,-0.58,11.94,11.62,12.64,11.1,10.85,,,
30,11.44,-0.24,0.02,11.68,11.94,11.62,12.64,11.1,,,
31,10.81,-0.63,-0.39,11.44,11.68,11.94,11.62,12.64,,,
32,10.86,0.05,0.68,10.81,11.44,11.68,11.94,11.62,,,
33,10.06,-0.8,-0.85,10.86,10.81,11.44,11.68,11.94,,,
34,9.38,-0.68,0.12,10.06,10.86,10.81,11.44,11.68,,,
35,8.85,-0.53,0.15,9.38,10.06,10.86,10.81,11.44,,,
36,9.08,0.23,0.76,8.85,9.38,10.06,10.86,10.81,,,
37,9.01,-0.07,-0.3,9.08,8.85,9.38,10.06,10.86,,,
38,9.1,0.09,0.16,9.01,9.08,8.85,9.38,10.06,,,
39,8.51,-0.59,-0.68,9.1,9.01,9.08,8.85,9.38,,,
40,7.6,-0.91,-0.32,8.51,9.1,9.01,9.08,8.85,,,
41,7.01,-0.59,0.32,7.6,8.51,9.1,9.01,9.08,,,
42,6.69,-0.32,0.27,7.01,7.6,8.51,9.1,9.01,,,
43,6.66,-0.03,0.29,6.69,7.01,7.6,8.51,9.1,,,
44,7.06,0.4,0.43,6.66,6.69,7.01,7.6,8.51,,,
45,7.41,0.35,-0.05,7.06,6.66,6.69,7.01,7.6,,,
46,8.87,1.46,1.11,7.41,7.06,6.66,6.69,7.01,,,
47,8.49,-0.38,-1.84,8.87,7.41,7.06,6.66,6.69,,,
48,9.57,1.08,1.46,8.49,8.87,7.41,7.06,6.66,,,
49,9.62,0.05,-1.03,9.57,8.49,8.87,7.41,7.06,,,
50,9.66,0.04,-0.01,9.62,9.57,8.49,8.87,7.41,,,
51,10,0.34,0.3,9.66,9.62,9.57,8.49,8.87,,,
52,10.32,0.32,-0.02,10,9.66,9.62,9.57,8.49,,,
53,10.13,-0.19,-0.51,10.32,10,9.66,9.62,9.57,,,
54,9.54,-0.59,-0.4,10.13,10.32,10,9.66,9.62,,,
55,10.43,0.89,1.48,9.54,10.13,10.32,10,9.66,,,
56,10.41,-0.02,-0.91,10.43,9.54,10.13,10.32,10,,,
57,10.49,0.08,0.1,10.41,10.43,9.54,10.13,10.32,,,
58,10.9,0.41,0.33,10.49,10.41,10.43,9.54,10.13,,,
59,10.78,-0.12,-0.53,10.9,10.49,10.41,10.43,9.54,,,
60,9.93,-0.85,-0.73,10.78,10.9,10.49,10.41,10.43,,,
61,10.11,0.18,1.03,9.93,10.78,10.9,10.49,10.41,,,
62,10.17,0.06,-0.12,10.11,9.93,10.78,10.9,10.49,,,
63,10.74,0.57,0.51,10.17,10.11,9.93,10.78,10.9,,,
64,10.94,0.2,-0.37,10.74,10.17,10.11,9.93,10.78,,,
65,11.19,0.25,0.05,10.94,10.74,10.17,10.11,9.93,,,
66,10.65,-0.54,-0.79,11.19,10.94,10.74,10.17,10.11,,,
67,10.64,-0.01,0.53,10.65,11.19,10.94,10.74,10.17,,,
68,11.33,0.69,0.7,10.64,10.65,11.19,10.94,10.74,,,
69,12.13,0.8,0.11,11.33,10.64,10.65,11.19,10.94,,,
70,11.51,-0.62,-1.42,12.13,11.33,10.64,10.65,11.19,,,
71,11.83,0.32,0.94,11.51,12.13,11.33,10.64,10.65,,,
72,12.27,0.44,0.12,11.83,11.51,12.13,11.33,10.64,,,
73,12.39,0.12,-0.32,12.27,11.83,11.51,12.13,11.33,,,
74,11.35,-1.04,-1.16,12.39,12.27,11.83,11.51,12.13,,,
75,11.7,0.35,1.39,11.35,12.39,12.27,11.83,11.51,,,
76,11.8,0.1,-0.25,11.7,11.35,12.39,12.27,11.83,,,
77,11.88,0.08,-0.02,11.8,11.7,11.35,12.39,12.27,,,
78,12.11,0.23,0.15,11.88,11.8,11.7,11.35,12.39,,,
79,12.09,-0.02,-0.25,12.11,11.88,11.8,11.7,11.35,,,
80,12,-0.09,-0.07,12.09,12.11,11.88,11.8,11.7,,,
81,12.22,0.22,0.31,12,12.09,12.11,11.88,11.8,,,
82,12.65,0.43,0.21,12.22,12,12.09,12.11,11.88,,,
83,12.69,0.04,-0.39,12.65,12.22,12,12.09,12.11,,,
84,13.1,0.41,0.37,12.69,12.65,12.22,12,12.09,,,
85,13.1,0,-0.41,13.1,12.69,12.65,12.22,12,,,
86,13.67,0.57,0.57,13.1,13.1,12.69,12.65,12.22,,,
87,13.96,0.29,-0.28,13.67,13.1,13.1,12.69,12.65,,,
88,14.53,0.57,0.28,13.96,13.67,13.1,13.1,12.69,,,
89,14.19,-0.34,-0.91,14.53,13.96,13.67,13.1,13.1,,,
90,13.68,-0.51,-0.17,14.19,14.53,13.96,13.67,13.1,,,
91,12.91,-0.77,-0.26,13.68,14.19,14.53,13.96,13.67,,,
92,13.04,0.13,0.9,12.91,13.68,14.19,14.53,13.96,,,
93,12.86,-0.18,-0.31,13.04,12.91,13.68,14.19,14.53,,,
94,13.47,0.61,0.79,12.86,13.04,12.91,13.68,14.19,,,
95,13.7,0.23,-0.38,13.47,12.86,13.04,12.91,13.68,,,
96,13.77,0.07,-0.16,13.7,13.47,12.86,13.04,12.91,,,
97,13.24,-0.53,-0.6,13.77,13.7,13.47,12.86,13.04,,,
98,13.1,-0.14,0.39,13.24,13.77,13.7,13.47,12.86,,,
99,13.39,0.29,0.43,13.1,13.24,13.77,13.7,13.47,,,
100,12.99,-0.4,-0.69,13.39,13.1,13.24,13.77,13.7,,,
101,13.19,0.2,0.6,12.99,13.39,13.1,13.24,13.77,,,
102,13.48,0.29,0.09,13.19,12.99,13.39,13.1,13.24,,,
103,13.86,0.38,0.09,13.48,13.19,12.99,13.39,13.1,,,
104,13.8,-0.06,-0.44,13.86,13.48,13.19,12.99,13.39,,,
105,13.5,-0.3,-0.24,13.8,13.86,13.48,13.19,12.99,,,
106,13.75,0.25,0.55,13.5,13.8,13.86,13.48,13.19,,,
107,13.54,-0.21,-0.46,13.75,13.5,13.8,13.86,13.48,,,
108,13.56,0.02,0.23,13.54,13.75,13.5,13.8,13.86,,,
109,13.57,0.01,-0.01,13.56,13.54,13.75,13.5,13.8,,,
110,13.4,-0.17,-0.18,13.57,13.56,13.54,13.75,13.5,,,
111,13.46,0.06,0.23,13.4,13.57,13.56,13.54,13.75,,,
112,13.51,0.05,-0.01,13.46,13.4,13.57,13.56,13.54,,,
113,13.15,-0.36,-0.41,13.51,13.46,13.4,13.57,13.56,,,
114,12.78,-0.37,-0.01,13.15,13.51,13.46,13.4,13.57,,,
115,12.25,-0.53,-0.16,12.78,13.15,13.51,13.46,13.4,,,
116,11.97,-0.28,0.25,12.25,12.78,13.15,13.51,13.46,,,
117,12.1,0.13,0.41,11.97,12.25,12.78,13.15,13.51,,,
118,11.52,-0.58,-0.71,12.1,11.97,12.25,12.78,13.15,,,
119,11.6,0.08,0.66,11.52,12.1,11.97,12.25,12.78,,,
120,11.7,0.1,0.02,11.6,11.52,12.1,11.97,12.25,,,
121,11.86,0.16,0.06,11.7,11.6,11.52,12.1,11.97,,,
122,11.75,-0.11,-0.27,11.86,11.7,11.6,11.52,12.1,,,
123,11.76,0.01,0.12,11.75,11.86,11.7,11.6,11.52,,,
124,11.72,-0.04,-0.05,11.76,11.75,11.86,11.7,11.6,,,
125,11.78,0.06,0.1,11.72,11.76,11.75,11.86,11.7,,,
126,11.46,-0.32,-0.38,11.78,11.72,11.76,11.75,11.86,,,
127,11.48,0.02,0.34,11.46,11.78,11.72,11.76,11.75,,,
128,11.01,-0.47,-0.49,11.48,11.46,11.78,11.72,11.76,,,
129,10.71,-0.3,0.17,11.01,11.48,11.46,11.78,11.72,,,
130,10.86,0.15,0.45,10.71,11.01,11.48,11.46,11.78,,,
131,10.78,-0.08,-0.23,10.86,10.71,11.01,11.48,11.46,,,
132,11.46,0.68,0.76,10.78,10.86,10.71,11.01,11.48,,,
133,11.64,0.18,-0.5,11.46,10.78,10.86,10.71,11.01,,,
134,12.24,0.6,0.42,11.64,11.46,10.78,10.86,10.71,,,
135,12.4,0.16,-0.44,12.24,11.64,11.46,10.78,10.86,,,
136,11.65,-0.75,-0.91,12.4,12.24,11.64,11.46,10.78,,,
137,11.67,0.02,0.77,11.65,12.4,12.24,11.64,11.46,,,
138,11.47,-0.2,-0.22,11.67,11.65,12.4,12.24,11.64,,,
139,11.63,0.16,0.36,11.47,11.67,11.65,12.4,12.24,,,
140,11.95,0.32,0.16,11.63,11.47,11.67,11.65,12.4,,,
141,12.03,0.08,-0.24,11.95,11.63,11.47,11.67,11.65,,,
142,12.32,0.29,0.21,12.03,11.95,11.63,11.47,11.67,,,
143,12.52,0.2,-0.09,12.32,12.03,11.95,11.63,11.47,,,
144,12.26,-0.26,-0.46,12.52,12.32,12.03,11.95,11.63,,,
145,13.11,0.85,1.11,12.26,12.52,12.32,12.03,11.95,,,
146,13.4,0.29,-0.56,13.11,12.26,12.52,12.32,12.03,,,
147,13.72,0.32,0.03,13.4,13.11,12.26,12.52,12.32,,,
148,13.82,0.1,-0.22,13.72,13.4,13.11,12.26,12.52,,,
149,13.99,0.17,0.07,13.82,13.72,13.4,13.11,12.26,,,
150,14.31,0.32,0.15,13.99,13.82,13.72,13.4,13.11,,,
151,14.7,0.39,0.07,14.31,13.99,13.82,13.72,13.4,,,
152,14.57,-0.13,-0.52,14.7,14.31,13.99,13.82,13.72,,,
153,13.99,-0.58,-0.45,14.57,14.7,14.31,13.99,13.82,,,
154,14.13,0.14,0.72,13.99,14.57,14.7,14.31,13.99,,,
155,14.1,-0.03,-0.17,14.13,13.99,14.57,14.7,14.31,,,
156,13.92,-0.18,-0.15,14.1,14.13,13.99,14.57,14.7,,,
157,13.36,-0.56,-0.38,13.92,14.1,14.13,13.99,14.57,,,
158,13.59,0.23,0.79,13.36,13.92,14.1,14.13,13.99,,,
159,13.53,-0.06,-0.29,13.59,13.36,13.92,14.1,14.13,,,
160,13.81,0.28,0.34,13.53,13.59,13.36,13.92,14.1,,,
161,14.21,0.4,0.12,13.81,13.53,13.59,13.36,13.92,,,
162,14.2,-0.01,-0.41,14.21,13.81,13.53,13.59,13.36,,,
163,14.3,0.1,0.11,14.2,14.21,13.81,13.53,13.59,,,
164,14.11,-0.19,-0.29,14.3,14.2,14.21,13.81,13.53,,,
165,14.19,0.08,0.27,14.11,14.3,14.2,14.21,13.81,,,
166,14.08,-0.11,-0.19,14.19,14.11,14.3,14.2,14.21,,,
167,13.9,-0.18,-0.07,14.08,14.19,14.11,14.3,14.2,,,
168,13.34,-0.56,-0.38,13.9,14.08,14.19,14.11,14.3,,,
169,13.2,-0.14,0.42,13.34,13.9,14.08,14.19,14.11,,,
170,13.45,0.25,0.39,13.2,13.34,13.9,14.08,14.19,,,
171,13.87,0.42,0.17,13.45,13.2,13.34,13.9,14.08,,,
172,14.5,0.63,0.21,13.87,13.45,13.2,13.34,13.9,,,
173,14.87,0.37,-0.26,14.5,13.87,13.45,13.2,13.34,,,
174,14.8,-0.07,-0.44,14.87,14.5,13.87,13.45,13.2,,,
175,14.67,-0.13,-0.06,14.8,14.87,14.5,13.87,13.45,,,
176,15.35,0.68,0.81,14.67,14.8,14.87,14.5,13.87,,,
177,16,0.65,-0.03,15.35,14.67,14.8,14.87,14.5,,,
178,17,1,0.35,16,15.35,14.67,14.8,14.87,,,
179,16.66,-0.34,-1.34,17,16,15.35,14.67,14.8,,,
180,16.5,-0.16,0.18,16.66,17,16,15.35,14.67,,,
181,16.76,0.26,0.42,16.5,16.66,17,16,15.35,,,
182,17.01,0.25,-0.01,16.76,16.5,16.66,17,16,,,
183,17,-0.01,-0.26,17.01,16.76,16.5,16.66,17,,,
184,16.58,-0.42,-0.41,17,17.01,16.76,16.5,16.66,,,
185,16.37,-0.21,0.21,16.58,17,17.01,16.76,16.5,,,
186,16.76,0.39,0.6,16.37,16.58,17,17.01,16.76,,,
187,16.71,-0.05,-0.44,16.76,16.37,16.58,17,17.01,,,
188,16.42,-0.29,-0.24,16.71,16.76,16.37,16.58,17,,,
189,15.97,-0.45,-0.16,16.42,16.71,16.76,16.37,16.58,,,
190,15.36,-0.61,-0.16,15.97,16.42,16.71,16.76,16.37,,,
191,15.83,0.47,1.08,15.36,15.97,16.42,16.71,16.76,,,
192,16.08,0.25,-0.22,15.83,15.36,15.97,16.42,16.71,,,
193,16.16,0.08,-0.17,16.08,15.83,15.36,15.97,16.42,,,
194,16.22,0.06,-0.02,16.16,16.08,15.83,15.36,15.97,,,
195,16.18,-0.04,-0.1,16.22,16.16,16.08,15.83,15.36,,,
196,16.33,0.15,0.19,16.18,16.22,16.16,16.08,15.83,,,
197,16.39,0.06,-0.09,16.33,16.18,16.22,16.16,16.08,,,
198,16.84,0.45,0.39,16.39,16.33,16.18,16.22,16.16,,,
199,16.79,-0.05,-0.5,16.84,16.39,16.33,16.18,16.22,,,
200,16.08,-0.71,-0.66,16.79,16.84,16.39,16.33,16.18,,,
201,15.84,-0.24,0.47,16.08,16.79,16.84,16.39,16.33,,,
202,15.58,-0.26,-0.02,15.84,16.08,16.79,16.84,16.39,,,
203,15.53,-0.05,0.21,15.58,15.84,16.08,16.79,16.84,,,
204,15.34,-0.19,-0.14,15.53,15.58,15.84,16.08,16.79,,,
205,15.2,-0.14,0.05,15.34,15.53,15.58,15.84,16.08,,,
206,15.01,-0.19,-0.05,15.2,15.34,15.53,15.58,15.84,,,
207,14.93,-0.08,0.11,15.01,15.2,15.34,15.53,15.58,,,
208,14.42,-0.51,-0.43,14.93,15.01,15.2,15.34,15.53,,,
209,14.87,0.45,0.96,14.42,14.93,15.01,15.2,15.34,,,
210,14.26,-0.61,-1.06,14.87,14.42,14.93,15.01,15.2,,,
211,14.47,0.21,0.82,14.26,14.87,14.42,14.93,15.01,,,
212,14.32,-0.15,-0.36,14.47,14.26,14.87,14.42,14.93,,,
213,14.19,-0.13,0.02,14.32,14.47,14.26,14.87,14.42,,,
214,14.43,0.24,0.37,14.19,14.32,14.47,14.26,14.87,,,
215,15.33,0.9,0.66,14.43,14.19,14.32,14.47,14.26,,,
216,15.85,0.52,-0.38,15.33,14.43,14.19,14.32,14.47,,,
217,15.78,-0.07,-0.59,15.85,15.33,14.43,14.19,14.32,,,
218,15.83,0.05,0.12,15.78,15.85,15.33,14.43,14.19,,,
219,15.75,-0.08,-0.13,15.83,15.78,15.85,15.33,14.43,,,
220,15.66,-0.09,-0.01,15.75,15.83,15.78,15.85,15.33,,,
221,16,0.34,0.43,15.66,15.75,15.83,15.78,15.85,,,
222,16.02,0.02,-0.32,16,15.66,15.75,15.83,15.78,,,
223,16.09,0.07,0.05,16.02,16,15.66,15.75,15.83,,,
224,15.76,-0.33,-0.4,16.09,16.02,16,15.66,15.75,,,
225,15.59,-0.17,0.16,15.76,16.09,16.02,16,15.66,,,
226,16.02,0.43,0.6,15.59,15.76,16.09,16.02,16,,,
227,16.12,0.1,-0.33,16.02,15.59,15.76,16.09,16.02,,,
228,16.18,0.06,-0.04,16.12,16.02,15.59,15.76,16.09,,,
229,15.94,-0.24,-0.3,16.18,16.12,16.02,15.59,15.76,,,
230,16.02,0.08,0.32,15.94,16.18,16.12,16.02,15.59,,,
231,16.17,0.15,0.07,16.02,15.94,16.18,16.12,16.02,,,
232,16.07,-0.1,-0.25,16.17,16.02,15.94,16.18,16.12,,,
233,16,-0.07,0.03,16.07,16.17,16.02,15.94,16.18,,,
234,16.2,0.2,0.27,16,16.07,16.17,16.02,15.94,,,
235,16.08,-0.12,-0.32,16.2,16,16.07,16.17,16.02,,,
236,15.72,-0.36,-0.24,16.08,16.2,16,16.07,16.17,,,
237,15.66,-0.06,0.3,15.72,16.08,16.2,16,16.07,,,
238,15.61,-0.05,0.01,15.66,15.72,16.08,16.2,16,,,
239,15.92,0.31,0.36,15.61,15.66,15.72,16.08,16.2,,,
240,15.95,0.03,-0.28,15.92,15.61,15.66,15.72,16.08,,,
241,15.75,-0.2,-0.23,15.95,15.92,15.61,15.66,15.72,,,
242,15.69,-0.06,0.14,15.75,15.95,15.92,15.61,15.66,,,
243,15.79,0.1,0.16,15.69,15.75,15.95,15.92,15.61,,,
244,15.59,-0.2,-0.3,15.79,15.69,15.75,15.95,15.92,,,
245,15.57,-0.02,0.18,15.59,15.79,15.69,15.75,15.95,,,
246,15.48,-0.09,-0.07,15.57,15.59,15.79,15.69,15.75,,,
247,15.41,-0.07,0.02,15.48,15.57,15.59,15.79,15.69,,,
248,15.44,0.03,0.1,15.41,15.48,15.57,15.59,15.79,,,
249,15.34,-0.1,-0.13,15.44,15.41,15.48,15.57,15.59,,,
250,15.44,0.1,0.2,15.34,15.44,15.41,15.48,15.57,,,
251,15.35,-0.09,-0.19,15.44,15.34,15.44,15.41,15.48,,,
252,15.13,-0.22,-0.13,15.35,15.44,15.34,15.44,15.41,,,
253,15.45,0.32,0.54,15.13,15.35,15.44,15.34,15.44,,,
254,15.53,0.08,-0.24,15.45,15.13,15.35,15.44,15.34,,,
255,15.45,-0.08,-0.16,15.53,15.45,15.13,15.35,15.44,,,
256,16.25,0.8,0.88,15.45,15.53,15.45,15.13,15.35,,,
257,16.6,0.35,-0.45,16.25,15.45,15.53,15.45,15.13,,,
258,16.76,0.16,-0.19,16.6,16.25,15.45,15.53,15.45,,,
259,16.77,0.01,-0.15,16.76,16.6,16.25,15.45,15.53,,,
260,16.83,0.06,0.05,16.77,16.76,16.6,16.25,15.45,,,
261,16.7,-0.13,-0.19,16.83,16.77,16.76,16.6,16.25,,,
262,16.44,-0.26,-0.13,16.7,16.83,16.77,16.76,16.6,,,
263,16.54,0.1,0.36,16.44,16.7,16.83,16.77,16.76,,,
264,16.5,-0.04,-0.14,16.54,16.44,16.7,16.83,16.77,,,
265,16.02,-0.48,-0.44,16.5,16.54,16.44,16.7,16.83,,,
266,16.11,0.09,0.57,16.02,16.5,16.54,16.44,16.7,,,
267,16.37,0.26,0.17,16.11,16.02,16.5,16.54,16.44,,,
268,16.35,-0.02,-0.28,16.37,16.11,16.02,16.5,16.54,,,
269,16.3,-0.05,-0.03,16.35,16.37,16.11,16.02,16.5,,,
270,16.16,-0.14,-0.09,16.3,16.35,16.37,16.11,16.02,,,
271,16.08,-0.08,0.06,16.16,16.3,16.35,16.37,16.11,,,
272,16.25,0.17,0.25,16.08,16.16,16.3,16.35,16.37,,,
273,16.85,0.6,0.43,16.25,16.08,16.16,16.3,16.35,,,
274,16.68,-0.17,-0.77,16.85,16.25,16.08,16.16,16.3,,,
275,16.04,-0.64,-0.47,16.68,16.85,16.25,16.08,16.16,,,
276,15.79,-0.25,0.39,16.04,16.68,16.85,16.25,16.08,,,
277,15.6,-0.19,0.06,15.79,16.04,16.68,16.85,16.25,,,
278,15.6,0,0.19,15.6,15.79,16.04,16.68,16.85,,,
279,15.69,0.09,0.09,15.6,15.6,15.79,16.04,16.68,,,
280,15.77,0.08,-0.01,15.69,15.6,15.6,15.79,16.04,,,
281,15.55,-0.22,-0.3,15.77,15.69,15.6,15.6,15.79,,,
282,16.04,0.49,0.71,15.55,15.77,15.69,15.6,15.6,,,
283,16.15,0.11,-0.38,16.04,15.55,15.77,15.69,15.6,,,
284,16.24,0.09,-0.02,16.15,16.04,15.55,15.77,15.69,,,
285,16.17,-0.07,-0.16,16.24,16.15,16.04,15.55,15.77,,,
286,16.25,0.08,0.15,16.17,16.24,16.15,16.04,15.55,,,
287,15.95,-0.3,-0.38,16.25,16.17,16.24,16.15,16.04,,,
288,16.12,0.17,0.47,15.95,16.25,16.17,16.24,16.15,,,
289,15.92,-0.2,-0.37,16.12,15.95,16.25,16.17,16.24,,,
290,16.06,0.14,0.34,15.92,16.12,15.95,16.25,16.17,,,
291,15.9,-0.16,-0.3,16.06,15.92,16.12,15.95,16.25,,,
292,15.9,0,0.16,15.9,16.06,15.92,16.12,15.95,,,
293,16.03,0.13,0.13,15.9,15.9,16.06,15.92,16.12,,,
294,16.11,0.08,-0.05,16.03,15.9,15.9,16.06,15.92,,,
295,16.35,0.24,0.16,16.11,16.03,15.9,15.9,16.06,,,
296,16.27,-0.08,-0.32,16.35,16.11,16.03,15.9,15.9,,,
297,16.49,0.22,0.3,16.27,16.35,16.11,16.03,15.9,,,
298,16.51,0.02,-0.2,16.49,16.27,16.35,16.11,16.03,,,
299,16.48,-0.03,-0.05,16.51,16.49,16.27,16.35,16.11,,,
300,17.04,0.56,0.59,16.48,16.51,16.49,16.27,16.35,,,
301,17.29,0.25,-0.31,17.04,16.48,16.51,16.49,16.27,,,
302,18.07,0.78,0.53,17.29,17.04,16.48,16.51,16.49,,,
303,18.04,-0.03,-0.81,18.07,17.29,17.04,16.48,16.51,,,
304,18.19,0.15,0.18,18.04,18.07,17.29,17.04,16.48,,,
305,18.07,-0.12,-0.27,18.19,18.04,18.07,17.29,17.04,,,
306,18.07,0,0.12,18.07,18.19,18.04,18.07,17.29,,,
307,18.33,0.26,0.26,18.07,18.07,18.19,18.04,18.07,,,
308,18.45,0.12,-0.14,18.33,18.07,18.07,18.19,18.04,,,
309,18.3,-0.15,-0.27,18.45,18.33,18.07,18.07,18.19,,,
310,18.34,0.04,0.19,18.3,18.45,18.33,18.07,18.07,,,
311,18.4,0.06,0.02,18.34,18.3,18.45,18.33,18.07,,,
312,18.3,-0.1,-0.16,18.4,18.34,18.3,18.45,18.33,,,
313,18.2,-0.1,-3.55E-15,18.3,18.4,18.34,18.3,18.45,,,
314,18.33,0.13,0.23,18.2,18.3,18.4,18.34,18.3,,,
315,18.53,0.2,0.07,18.33,18.2,18.3,18.4,18.34,,,
316,18.6,0.07,-0.13,18.53,18.33,18.2,18.3,18.4,,,
317,18.5,-0.1,-0.17,18.6,18.53,18.33,18.2,18.3,,,
318,18.56,0.06,0.16,18.5,18.6,18.53,18.33,18.2,,,
319,18.52,-0.04,-0.1,18.56,18.5,18.6,18.53,18.33,,,
320,18.71,0.19,0.23,18.52,18.56,18.5,18.6,18.53,,,
321,18.95,0.24,0.05,18.71,18.52,18.56,18.5,18.6,,,
322,19.35,0.4,0.16,18.95,18.71,18.52,18.56,18.5,,,
323,19.5,0.15,-0.25,19.35,18.95,18.71,18.52,18.56,,,
324,18.97,-0.53,-0.68,19.5,19.35,18.95,18.71,18.52,,,
325,18.94,-0.03,0.5,18.97,19.5,19.35,18.95,18.71,,,
326,19,0.06,0.09,18.94,18.97,19.5,19.35,18.95,,,
327,19.03,0.03,-0.03,19,18.94,18.97,19.5,19.35,,,
328,18.95,-0.08,-0.11,19.03,19,18.94,18.97,19.5,,,
329,19.07,0.12,0.2,18.95,19.03,19,18.94,18.97,,,
330,19.3,0.23,0.11,19.07,18.95,19.03,19,18.94,,,
331,18.7,-0.6,-0.83,19.3,19.07,18.95,19.03,19,,,
332,18.95,0.25,0.85,18.7,19.3,19.07,18.95,19.03,,,
333,19.49,0.54,0.29,18.95,18.7,19.3,19.07,18.95,,,
334,18.86,-0.63,-1.17,19.49,18.95,18.7,19.3,19.07,,,
335,19.26,0.4,1.03,18.86,19.49,18.95,18.7,19.3,,,
336,18.58,-0.68,-1.08,19.26,18.86,19.49,18.95,18.7,,,
337,18.1,-0.48,0.2,18.58,19.26,18.86,19.49,18.95,,,
338,17.31,-0.79,-0.31,18.1,18.58,19.26,18.86,19.49,,,
339,16.88,-0.43,0.36,17.31,18.1,18.58,19.26,18.86,,,
340,18.04,1.16,1.59,16.88,17.31,18.1,18.58,19.26,,,
341,18,-0.04,-1.2,18.04,16.88,17.31,18.1,18.58,,,
342,18.44,0.44,0.48,18,18.04,16.88,17.31,18.1,,,
343,18.05,-0.39,-0.83,18.44,18,18.04,16.88,17.31,,,
344,17.64,-0.41,-0.02,18.05,18.44,18,18.04,16.88,,,
345,17.56,-0.08,0.33,17.64,18.05,18.44,18,18.04,,,
346,17.23,-0.33,-0.25,17.56,17.64,18.05,18.44,18,,,
347,17.26,0.03,0.36,17.23,17.56,17.64,18.05,18.44,,,
348,16.26,-1,-1.03,17.26,17.23,17.56,17.64,18.05,,,
349,16.42,0.16,1.16,16.26,17.26,17.23,17.56,17.64,,,
350,16.01,-0.41,-0.57,16.42,16.26,17.26,17.23,17.56,,,
351,15.95,-0.06,0.35,16.01,16.42,16.26,17.26,17.23,,,
352,16.01,0.06,0.12,15.95,16.01,16.42,16.26,17.26,,,
353,16.66,0.65,0.59,16.01,15.95,16.01,16.42,16.26,,,
354,16.35,-0.31,-0.96,16.66,16.01,15.95,16.01,16.42,,,
355,15.98,-0.37,-0.06,16.35,16.66,16.01,15.95,16.01,,,
356,16.35,0.37,0.74,15.98,16.35,16.66,16.01,15.95,,,
357,16.45,0.1,-0.27,16.35,15.98,16.35,16.66,16.01,,,
358,15.71,-0.74,-0.84,16.45,16.35,15.98,16.35,16.66,,,
359,15.41,-0.3,0.44,15.71,16.45,16.35,15.98,16.35,,,
360,15.48,0.07,0.37,15.41,15.71,16.45,16.35,15.98,,,
361,15.32,-0.16,-0.23,15.48,15.41,15.71,16.45,16.35,,,
362,15.68,0.36,0.52,15.32,15.48,15.41,15.71,16.45,,,
363,15.56,-0.12,-0.48,15.68,15.32,15.48,15.41,15.71,,,
364,15.39,-0.17,-0.05,15.56,15.68,15.32,15.48,15.41,,,
365,15.79,0.4,0.57,15.39,15.56,15.68,15.32,15.48,,,
366,15.85,0.06,-0.34,15.79,15.39,15.56,15.68,15.32,,,
367,15.91,0.06,0,15.85,15.79,15.39,15.56,15.68,,,
368,15.95,0.04,-0.02,15.91,15.85,15.79,15.39,15.56,,,
369,16.1,0.15,0.11,15.95,15.91,15.85,15.79,15.39,,,
370,15.79,-0.31,-0.46,16.1,15.95,15.91,15.85,15.79,,,
371,15.39,-0.4,-0.09,15.79,16.1,15.95,15.91,15.85,,,
372,15.08,-0.31,0.09,15.39,15.79,16.1,15.95,15.91,,,
373,14.91,-0.17,0.14,15.08,15.39,15.79,16.1,15.95,,,
374,15,0.09,0.26,14.91,15.08,15.39,15.79,16.1,,,
375,14.48,-0.52,-0.61,15,14.91,15.08,15.39,15.79,,,
376,14.42,-0.06,0.46,14.48,15,14.91,15.08,15.39,,,
377,14.12,-0.3,-0.24,14.42,14.48,15,14.91,15.08,,,
378,13.88,-0.24,0.06,14.12,14.42,14.48,15,14.91,,,
379,13.97,0.09,0.33,13.88,14.12,14.42,14.48,15,,,
380,14.62,0.65,0.56,13.97,13.88,14.12,14.42,14.48,,,
381,14.83,0.21,-0.44,14.62,13.97,13.88,14.12,14.42,,,
382,14.95,0.12,-0.09,14.83,14.62,13.97,13.88,14.12,,,
383,14.93,-0.02,-0.14,14.95,14.83,14.62,13.97,13.88,,,
384,15.21,0.28,0.3,14.93,14.95,14.83,14.62,13.97,,,
385,15.2,-0.01,-0.29,15.21,14.93,14.95,14.83,14.62,,,
386,15.25,0.05,0.06,15.2,15.21,14.93,14.95,14.83,,,
387,14.55,-0.7,-0.75,15.25,15.2,15.21,14.93,14.95,,,
388,14.62,0.07,0.77,14.55,15.25,15.2,15.21,14.93,,,
389,14.94,0.32,0.25,14.62,14.55,15.25,15.2,15.21,,,
390,14.84,-0.1,-0.42,14.94,14.62,14.55,15.25,15.2,,,
391,15.21,0.37,0.47,14.84,14.94,14.62,14.55,15.25,,,
392,15.71,0.5,0.13,15.21,14.84,14.94,14.62,14.55,,,
393,16.14,0.43,-0.07,15.71,15.21,14.84,14.94,14.62,,,
394,16.18,0.04,-0.39,16.14,15.71,15.21,14.84,14.94,,,
395,16.05,-0.13,-0.17,16.18,16.14,15.71,15.21,14.84,,,
396,16.15,0.1,0.23,16.05,16.18,16.14,15.71,15.21,,,
397,16.12,-0.03,-0.13,16.15,16.05,16.18,16.14,15.71,,,
398,16.41,0.29,0.32,16.12,16.15,16.05,16.18,16.14,,,
399,16.4,-0.01,-0.3,16.41,16.12,16.15,16.05,16.18,,,
400,16.48,0.08,0.09,16.4,16.41,16.12,16.15,16.05,,,
401,16.52,0.04,-0.04,16.48,16.4,16.41,16.12,16.15,,,
402,16.45,-0.07,-0.11,16.52,16.48,16.4,16.41,16.12,,,
403,16.38,-0.07,0,16.45,16.52,16.48,16.4,16.41,,,
404,16.25,-0.13,-0.06,16.38,16.45,16.52,16.48,16.4,,,
405,15.7,-0.55,-0.42,16.25,16.38,16.45,16.52,16.48,,,
406,15.5,-0.2,0.35,15.7,16.25,16.38,16.45,16.52,,,
407,15.38,-0.12,0.08,15.5,15.7,16.25,16.38,16.45,,,
408,15.46,0.08,0.2,15.38,15.5,15.7,16.25,16.38,,,
409,15.58,0.12,0.04,15.46,15.38,15.5,15.7,16.25,,,
410,15.7,0.12,0,15.58,15.46,15.38,15.5,15.7,,,
411,15.25,-0.45,-0.57,15.7,15.58,15.46,15.38,15.5,,,
412,15.03,-0.22,0.23,15.25,15.7,15.58,15.46,15.38,,,
413,14.89,-0.14,0.08,15.03,15.25,15.7,15.58,15.46,,,
414,14.57,-0.32,-0.18,14.89,15.03,15.25,15.7,15.58,,,
415,14.57,0,0.32,14.57,14.89,15.03,15.25,15.7,,,
416,14.5,-0.07,-0.07,14.57,14.57,14.89,15.03,15.25,,,
417,14.71,0.21,0.28,14.5,14.57,14.57,14.89,15.03,,,
418,14.52,-0.19,-0.4,14.71,14.5,14.57,14.57,14.89,,,
419,14.48,-0.04,0.15,14.52,14.71,14.5,14.57,14.57,,,
420,15.01,0.53,0.57,14.48,14.52,14.71,14.5,14.57,,,
421,15.15,0.14,-0.39,15.01,14.48,14.52,14.71,14.5,,,
422,15.39,0.24,0.1,15.15,15.01,14.48,14.52,14.71,,,
423,15.44,0.05,-0.19,15.39,15.15,15.01,14.48,14.52,,,
424,15.7,0.26,0.21,15.44,15.39,15.15,15.01,14.48,,,
425,15.91,0.21,-0.05,15.7,15.44,15.39,15.15,15.01,,,
426,15.98,0.07,-0.14,15.91,15.7,15.44,15.39,15.15,,,
427,16.25,0.27,0.2,15.98,15.91,15.7,15.44,15.39,,,
428,16.16,-0.09,-0.36,16.25,15.98,15.91,15.7,15.44,,,
429,16.34,0.18,0.27,16.16,16.25,15.98,15.91,15.7,,,
430,16.23,-0.11,-0.29,16.34,16.16,16.25,15.98,15.91,,,
431,16.29,0.06,0.17,16.23,16.34,16.16,16.25,15.98,,,
432,16.55,0.26,0.2,16.29,16.23,16.34,16.16,16.25,,,
433,16.52,-0.03,-0.29,16.55,16.29,16.23,16.34,16.16,,,
434,16.5,-0.02,0.01,16.52,16.55,16.29,16.23,16.34,,,
435,16.14,-0.36,-0.34,16.5,16.52,16.55,16.29,16.23,,,
436,16.66,0.52,0.88,16.14,16.5,16.52,16.55,16.29,,,
437,16.43,-0.23,-0.75,16.66,16.14,16.5,16.52,16.55,,,
438,16.44,0.01,0.24,16.43,16.66,16.14,16.5,16.52,,,
439,16.36,-0.08,-0.09,16.44,16.43,16.66,16.14,16.5,,,
440,16.25,-0.11,-0.03,16.36,16.44,16.43,16.66,16.14,,,
441,16.36,0.11,0.22,16.25,16.36,16.44,16.43,16.66,,,
442,16.1,-0.26,-0.37,16.36,16.25,16.36,16.44,16.43,,,
443,16.51,0.41,0.67,16.1,16.36,16.25,16.36,16.44,,,
444,16.9,0.39,-0.02,16.51,16.1,16.36,16.25,16.36,,,
445,17.05,0.15,-0.24,16.9,16.51,16.1,16.36,16.25,,,
446,17.12,0.07,-0.08,17.05,16.9,16.51,16.1,16.36,,,
447,16.96,-0.16,-0.23,17.12,17.05,16.9,16.51,16.1,,,
448,17.19,0.23,0.39,16.96,17.12,17.05,16.9,16.51,,,
449,17.28,0.09,-0.14,17.19,16.96,17.12,17.05,16.9,,,
450,17.16,-0.12,-0.21,17.28,17.19,16.96,17.12,17.05,,,
451,16.3,-0.86,-0.74,17.16,17.28,17.19,16.96,17.12,,,
452,16.25,-0.05,0.81,16.3,17.16,17.28,17.19,16.96,,,
453,16.07,-0.18,-0.13,16.25,16.3,17.16,17.28,17.19,,,
454,16.05,-0.02,0.16,16.07,16.25,16.3,17.16,17.28,,,
455,16.1,0.05,0.07,16.05,16.07,16.25,16.3,17.16,,,
456,16.06,-0.04,-0.09,16.1,16.05,16.07,16.25,16.3,,,
457,16.06,0,0.04,16.06,16.1,16.05,16.07,16.25,,,
458,16.16,0.1,0.1,16.06,16.06,16.1,16.05,16.07,,,
459,16.11,-0.05,-0.15,16.16,16.06,16.06,16.1,16.05,,,
460,16.08,-0.03,0.02,16.11,16.16,16.06,16.06,16.1,,,
461,16.02,-0.06,-0.03,16.08,16.11,16.16,16.06,16.06,,,
462,15.95,-0.07,-0.01,16.02,16.08,16.11,16.16,16.06,,,
463,15.94,-0.01,0.06,15.95,16.02,16.08,16.11,16.16,,,
464,16.06,0.12,0.13,15.94,15.95,16.02,16.08,16.11,,,
465,16.51,0.45,0.33,16.06,15.94,15.95,16.02,16.08,,,
466,16.73,0.22,-0.23,16.51,16.06,15.94,15.95,16.02,,,
467,16.71,-0.02,-0.24,16.73,16.51,16.06,15.94,15.95,,,
468,16.62,-0.09,-0.07,16.71,16.73,16.51,16.06,15.94,,,
469,16.55,-0.07,0.02,16.62,16.71,16.73,16.51,16.06,,,
470,16.35,-0.2,-0.13,16.55,16.62,16.71,16.73,16.51,,,
471,16.25,-0.1,0.1,16.35,16.55,16.62,16.71,16.73,,,
472,16.2,-0.05,0.05,16.25,16.35,16.55,16.62,16.71,,,
473,15.86,-0.34,-0.29,16.2,16.25,16.35,16.55,16.62,,,
474,15.81,-0.05,0.29,15.86,16.2,16.25,16.35,16.55,,,
475,16.04,0.23,0.28,15.81,15.86,16.2,16.25,16.35,,,
476,16.22,0.18,-0.05,16.04,15.81,15.86,16.2,16.25,,,
477,16.03,-0.19,-0.37,16.22,16.04,15.81,15.86,16.2,,,
478,15.76,-0.27,-0.08,16.03,16.22,16.04,15.81,15.86,,,
479,15.94,0.18,0.45,15.76,16.03,16.22,16.04,15.81,,,
480,15.8,-0.14,-0.32,15.94,15.76,16.03,16.22,16.04,,,
481,15.97,0.17,0.31,15.8,15.94,15.76,16.03,16.22,,,
482,15.83,-0.14,-0.31,15.97,15.8,15.94,15.76,16.03,,,
483,16.3,0.47,0.61,15.83,15.97,15.8,15.94,15.76,,,
484,16.68,0.38,-0.09,16.3,15.83,15.97,15.8,15.94,,,
485,16.78,0.1,-0.28,16.68,16.3,15.83,15.97,15.8,,,
486,16.7,-0.08,-0.18,16.78,16.68,16.3,15.83,15.97,,,
487,17.03,0.33,0.41,16.7,16.78,16.68,16.3,15.83,,,
488,17.04,0.01,-0.32,17.03,16.7,16.78,16.68,16.3,,,
489,17.13,0.09,0.08,17.04,17.03,16.7,16.78,16.68,,,
490,17.72,0.59,0.5,17.13,17.04,17.03,16.7,16.78,,,
491,17.62,-0.1,-0.69,17.72,17.13,17.04,17.03,16.7,,,
492,17.69,0.07,0.17,17.62,17.72,17.13,17.04,17.03,,,
493,17.49,-0.2,-0.27,17.69,17.62,17.72,17.13,17.04,,,
494,17.77,0.28,0.48,17.49,17.69,17.62,17.72,17.13,,,
495,17.7,-0.07,-0.35,17.77,17.49,17.69,17.62,17.72,,,
496,17.7,0,0.07,17.7,17.77,17.49,17.69,17.62,,,
497,17.9,0.2,0.2,17.7,17.7,17.77,17.49,17.69,,,
498,18.06,0.16,-0.04,17.9,17.7,17.7,17.77,17.49,,,
499,18.04,-0.02,-0.18,18.06,17.9,17.7,17.7,17.77,,,
500,18.19,0.15,0.17,18.04,18.06,17.9,17.7,17.7,,,
501,18.32,0.13,-0.02,18.19,18.04,18.06,17.9,17.7,,,
502,18.27,-0.05,-0.18,18.32,18.19,18.04,18.06,17.9,,,
503,18.19,-0.08,-0.03,18.27,18.32,18.19,18.04,18.06,,,
504,18.29,0.1,0.18,18.19,18.27,18.32,18.19,18.04,,,
505,18.28,-0.01,-0.11,18.29,18.19,18.27,18.32,18.19,,,
506,18.61,0.33,0.34,18.28,18.29,18.19,18.27,18.32,,,
507,18.64,0.03,-0.3,18.61,18.28,18.29,18.19,18.27,,,
508,18.56,-0.08,-0.11,18.64,18.61,18.28,18.29,18.19,,,
509,18.43,-0.13,-0.05,18.56,18.64,18.61,18.28,18.29,,,
510,18.51,0.08,0.21,18.43,18.56,18.64,18.61,18.28,,,
511,18.63,0.12,0.04,18.51,18.43,18.56,18.64,18.61,,,
512,18.67,0.04,-0.08,18.63,18.51,18.43,18.56,18.64,,,
513,18.6,-0.07,-0.11,18.67,18.63,18.51,18.43,18.56,,,
514,18.82,0.22,0.29,18.6,18.67,18.63,18.51,18.43,,,
515,18.6,-0.22,-0.44,18.82,18.6,18.67,18.63,18.51,,,
516,18.33,-0.27,-0.05,18.6,18.82,18.6,18.67,18.63,,,
517,18.43,0.1,0.37,18.33,18.6,18.82,18.6,18.67,,,
518,19.74,1.31,1.21,18.43,18.33,18.6,18.82,18.6,,,
519,20.04,0.3,-1.01,19.74,18.43,18.33,18.6,18.82,,,
520,19.98,-0.06,-0.36,20.04,19.74,18.43,18.33,18.6,,,
521,19.92,-0.06,0,19.98,20.04,19.74,18.43,18.33,,,
522,20.28,0.36,0.42,19.92,19.98,20.04,19.74,18.43,,,
523,20.2,-0.08,-0.44,20.28,19.92,19.98,20.04,19.74,,,
524,20.14,-0.06,0.02,20.2,20.28,19.92,19.98,20.04,,,
525,20.8,0.66,0.72,20.14,20.2,20.28,19.92,19.98,,,
526,20.71,-0.09,-0.75,20.8,20.14,20.2,20.28,19.92,,,
527,20.75,0.04,0.13,20.71,20.8,20.14,20.2,20.28,,,
528,20.56,-0.19,-0.23,20.75,20.71,20.8,20.14,20.2,,,
529,20.87,0.31,0.5,20.56,20.75,20.71,20.8,20.14,,,
530,21.28,0.41,0.1,20.87,20.56,20.75,20.71,20.8,,,
531,21.31,0.03,-0.38,21.28,20.87,20.56,20.75,20.71,,,
532,21.27,-0.04,-0.07,21.31,21.28,20.87,20.56,20.75,,,
533,21.33,0.06,0.1,21.27,21.31,21.28,20.87,20.56,,,
534,21.5,0.17,0.11,21.33,21.27,21.31,21.28,20.87,,,
535,21.46,-0.04,-0.21,21.5,21.33,21.27,21.31,21.28,,,
536,21.44,-0.02,0.02,21.46,21.5,21.33,21.27,21.31,,,
537,21.52,0.08,0.1,21.44,21.46,21.5,21.33,21.27,,,
538,21.44,-0.08,-0.16,21.52,21.44,21.46,21.5,21.33,,,
539,20.82,-0.62,-0.54,21.44,21.52,21.44,21.46,21.5,,,
540,20.37,-0.45,0.17,20.82,21.44,21.52,21.44,21.46,,,
541,20.58,0.21,0.66,20.37,20.82,21.44,21.52,21.44,,,
542,20.82,0.24,0.03,20.58,20.37,20.82,21.44,21.52,,,
543,20.92,0.1,-0.14,20.82,20.58,20.37,20.82,21.44,,,
544,20.25,-0.67,-0.77,20.92,20.82,20.58,20.37,20.82,,,
545,20.32,0.07,0.74,20.25,20.92,20.82,20.58,20.37,,,
546,20.75,0.43,0.36,20.32,20.25,20.92,20.82,20.58,,,
547,20.37,-0.38,-0.81,20.75,20.32,20.25,20.92,20.82,,,
548,20.38,0.01,0.39,20.37,20.75,20.32,20.25,20.92,,,
549,20.63,0.25,0.24,20.38,20.37,20.75,20.32,20.25,,,
550,20.63,0,-0.25,20.63,20.38,20.37,20.75,20.32,,,
551,20.1,-0.53,-0.53,20.63,20.63,20.38,20.37,20.75,,,
552,20.36,0.26,0.79,20.1,20.63,20.63,20.38,20.37,,,
553,19.92,-0.44,-0.7,20.36,20.1,20.63,20.63,20.38,,,
554,19.61,-0.31,0.13,19.92,20.36,20.1,20.63,20.63,,,
555,18.95,-0.66,-0.35,19.61,19.92,20.36,20.1,20.63,,,
556,19.22,0.27,0.93,18.95,19.61,19.92,20.36,20.1,,,
557,19.25,0.03,-0.24,19.22,18.95,19.61,19.92,20.36,,,
558,19.72,0.47,0.44,19.25,19.22,18.95,19.61,19.92,,,
559,19.49,-0.23,-0.7,19.72,19.25,19.22,18.95,19.61,,,
560,19.53,0.04,0.27,19.49,19.72,19.25,19.22,18.95,,,
561,19.78,0.25,0.21,19.53,19.49,19.72,19.25,19.22,,,
562,19.75,-0.03,-0.28,19.78,19.53,19.49,19.72,19.25,,,
563,19.75,0,0.03,19.75,19.78,19.53,19.49,19.72,,,
564,19.86,0.11,0.11,19.75,19.75,19.78,19.53,19.49,,,
565,20.11,0.25,0.14,19.86,19.75,19.75,19.78,19.53,,,
566,20.05,-0.06,-0.31,20.11,19.86,19.75,19.75,19.78,,,
567,20.34,0.29,0.35,20.05,20.11,19.86,19.75,19.75,,,
568,20.53,0.19,-0.1,20.34,20.05,20.11,19.86,19.75,,,
569,20.33,-0.2,-0.39,20.53,20.34,20.05,20.11,19.86,,,
570,20.55,0.22,0.42,20.33,20.53,20.34,20.05,20.11,,,
571,20.35,-0.2,-0.42,20.55,20.33,20.53,20.34,20.05,,,
572,20.19,-0.16,0.04,20.35,20.55,20.33,20.53,20.34,,,
573,20.18,-0.01,0.15,20.19,20.35,20.55,20.33,20.53,,,
574,20.01,-0.17,-0.16,20.18,20.19,20.35,20.55,20.33,,,
575,19.94,-0.07,0.1,20.01,20.18,20.19,20.35,20.55,,,
576,20,0.06,0.13,19.94,20.01,20.18,20.19,20.35,,,
577,20.04,0.04,-0.02,20,19.94,20.01,20.18,20.19,,,
578,19.98,-0.06,-0.1,20.04,20,19.94,20.01,20.18,,,
579,20.27,0.29,0.35,19.98,20.04,20,19.94,20.01,,,
580,20.4,0.13,-0.16,20.27,19.98,20.04,20,19.94,,,
581,19.95,-0.45,-0.58,20.4,20.27,19.98,20.04,20,,,
582,19.89,-0.06,0.39,19.95,20.4,20.27,19.98,20.04,,,
583,20.1,0.21,0.27,19.89,19.95,20.4,20.27,19.98,,,
584,20.65,0.55,0.34,20.1,19.89,19.95,20.4,20.27,,,
585,20.6,-0.05,-0.6,20.65,20.1,19.89,19.95,20.4,,,
586,20.45,-0.15,-0.1,20.6,20.65,20.1,19.89,19.95,,,
587,20.48,0.03,0.18,20.45,20.6,20.65,20.1,19.89,,,
588,20.64,0.16,0.13,20.48,20.45,20.6,20.65,20.1,,,
589,20.27,-0.37,-0.53,20.64,20.48,20.45,20.6,20.65,,,
590,19.9,-0.37,0,20.27,20.64,20.48,20.45,20.6,,,
591,20.01,0.11,0.48,19.9,20.27,20.64,20.48,20.45,,,
592,20.07,0.06,-0.05,20.01,19.9,20.27,20.64,20.48,,,
593,20.3,0.23,0.17,20.07,20.01,19.9,20.27,20.64,,,
594,20.09,-0.21,-0.44,20.3,20.07,20.01,19.9,20.27,,,
595,20.14,0.05,0.26,20.09,20.3,20.07,20.01,19.9,,,
596,19.89,-0.25,-0.3,20.14,20.09,20.3,20.07,20.01,,,
597,19.76,-0.13,0.12,19.89,20.14,20.09,20.3,20.07,,,
598,19.59,-0.17,-0.04,19.76,19.89,20.14,20.09,20.3,,,
599,19.76,0.17,0.34,19.59,19.76,19.89,20.14,20.09,,,
600,19.96,0.2,0.03,19.76,19.59,19.76,19.89,20.14,,,
601,19.62,-0.34,-0.54,19.96,19.76,19.59,19.76,19.89,,,
602,19.39,-0.23,0.11,19.62,19.96,19.76,19.59,19.76,,,
603,19.1,-0.29,-0.06,19.39,19.62,19.96,19.76,19.59,,,
604,19.22,0.12,0.41,19.1,19.39,19.62,19.96,19.76,,,
605,19.42,0.2,0.08,19.22,19.1,19.39,19.62,19.96,,,
606,19.44,0.02,-0.18,19.42,19.22,19.1,19.39,19.62,,,
607,19.64,0.2,0.18,19.44,19.42,19.22,19.1,19.39,,,
608,19.13,-0.51,-0.71,19.64,19.44,19.42,19.22,19.1,,,
609,19.09,-0.04,0.47,19.13,19.64,19.44,19.42,19.22,,,
610,18.82,-0.27,-0.23,19.09,19.13,19.64,19.44,19.42,,,
611,18.46,-0.36,-0.09,18.82,19.09,19.13,19.64,19.44,,,
612,18.48,0.02,0.38,18.46,18.82,19.09,19.13,19.64,,,
613,18.51,0.03,0.01,18.48,18.46,18.82,19.09,19.13,,,
614,18.58,0.07,0.04,18.51,18.48,18.46,18.82,19.09,,,
615,18.32,-0.26,-0.33,18.58,18.51,18.48,18.46,18.82,,,
616,18.39,0.07,0.33,18.32,18.58,18.51,18.48,18.46,,,
617,18.6,0.21,0.14,18.39,18.32,18.58,18.51,18.48,,,
618,18.39,-0.21,-0.42,18.6,18.39,18.32,18.58,18.51,,,
619,18.44,0.05,0.26,18.39,18.6,18.39,18.32,18.58,,,
620,18.49,0.05,-3.55E-15,18.44,18.39,18.6,18.39,18.32,,,
621,18.48,-0.01,-0.06,18.49,18.44,18.39,18.6,18.39,,,
622,18.81,0.33,0.34,18.48,18.49,18.44,18.39,18.6,,,
623,18.56,-0.25,-0.58,18.81,18.48,18.49,18.44,18.39,,,
624,18.38,-0.18,0.07,18.56,18.81,18.48,18.49,18.44,,,
625,17.97,-0.41,-0.23,18.38,18.56,18.81,18.48,18.49,,,
626,18.28,0.31,0.72,17.97,18.38,18.56,18.81,18.48,,,
627,18.44,0.16,-0.15,18.28,17.97,18.38,18.56,18.81,,,
628,18.56,0.12,-0.04,18.44,18.28,17.97,18.38,18.56,,,
629,18.86,0.3,0.18,18.56,18.44,18.28,17.97,18.38,,,
630,19.2,0.34,0.04,18.86,18.56,18.44,18.28,17.97,,,
631,19.04,-0.16,-0.5,19.2,18.86,18.56,18.44,18.28,,,
632,19.05,0.01,0.17,19.04,19.2,18.86,18.56,18.44,,,
633,19.3,0.25,0.24,19.05,19.04,19.2,18.86,18.56,,,
634,18.99,-0.31,-0.56,19.3,19.05,19.04,19.2,18.86,,,
635,18.63,-0.36,-0.05,18.99,19.3,19.05,19.04,19.2,,,
636,18.38,-0.25,0.11,18.63,18.99,19.3,19.05,19.04,,,
637,18.51,0.13,0.38,18.38,18.63,18.99,19.3,19.05,,,
638,18.53,0.02,-0.11,18.51,18.38,18.63,18.99,19.3,,,
639,18.41,-0.12,-0.14,18.53,18.51,18.38,18.63,18.99,,,
640,18.29,-0.12,0,18.41,18.53,18.51,18.38,18.63,,,
641,18.58,0.29,0.41,18.29,18.41,18.53,18.51,18.38,,,
642,18.79,0.21,-0.08,18.58,18.29,18.41,18.53,18.51,,,
643,19.16,0.37,0.16,18.79,18.58,18.29,18.41,18.53,,,
644,19.04,-0.12,-0.49,19.16,18.79,18.58,18.29,18.41,,,
645,18.96,-0.08,0.04,19.04,19.16,18.79,18.58,18.29,,,
646,18.56,-0.4,-0.32,18.96,19.04,19.16,18.79,18.58,,,
647,18.11,-0.45,-0.05,18.56,18.96,19.04,19.16,18.79,,,
648,18.11,0,0.45,18.11,18.56,18.96,19.04,19.16,,,
649,17.91,-0.2,-0.2,18.11,18.11,18.56,18.96,19.04,,,
650,17.97,0.06,0.26,17.91,18.11,18.11,18.56,18.96,,,
651,17.21,-0.76,-0.82,17.97,17.91,18.11,18.11,18.56,,,
652,17.47,0.26,1.02,17.21,17.97,17.91,18.11,18.11,,,
653,16.47,-1,-1.26,17.47,17.21,17.97,17.91,18.11,,,
654,16.51,0.04,1.04,16.47,17.47,17.21,17.97,17.91,,,
655,15.43,-1.08,-1.12,16.51,16.47,17.47,17.21,17.97,,,
656,15.96,0.53,1.61,15.43,16.51,16.47,17.47,17.21,,,
657,15.09,-0.87,-1.4,15.96,15.43,16.51,16.47,17.47,,,
658,15.68,0.59,1.46,15.09,15.96,15.43,16.51,16.47,,,
659,15.88,0.2,-0.39,15.68,15.09,15.96,15.43,16.51,,,
660,16.39,0.51,0.31,15.88,15.68,15.09,15.96,15.43,,,
661,16.15,-0.24,-0.75,16.39,15.88,15.68,15.09,15.96,,,
662,16.23,0.08,0.32,16.15,16.39,15.88,15.68,15.09,,,
663,15.34,-0.89,-0.97,16.23,16.15,16.39,15.88,15.68,,,
664,15.09,-0.25,0.64,15.34,16.23,16.15,16.39,15.88,,,
665,15.11,0.02,0.27,15.09,15.34,16.23,16.15,16.39,,,
666,15.54,0.43,0.41,15.11,15.09,15.34,16.23,16.15,,,
667,15.72,0.18,-0.25,15.54,15.11,15.09,15.34,16.23,,,
668,15.45,-0.27,-0.45,15.72,15.54,15.11,15.09,15.34,,,
669,15.54,0.09,0.36,15.45,15.72,15.54,15.11,15.09,,,
670,16.04,0.5,0.41,15.54,15.45,15.72,15.54,15.11,,,
671,16.12,0.08,-0.42,16.04,15.54,15.45,15.72,15.54,,,
672,16.31,0.19,0.11,16.12,16.04,15.54,15.45,15.72,,,
673,16.2,-0.11,-0.3,16.31,16.12,16.04,15.54,15.45,,,
674,15.76,-0.44,-0.33,16.2,16.31,16.12,16.04,15.54,,,
675,15.25,-0.51,-0.07,15.76,16.2,16.31,16.12,16.04,,,
676,15.8,0.55,1.06,15.25,15.76,16.2,16.31,16.12,,,
677,15.59,-0.21,-0.76,15.8,15.25,15.76,16.2,16.31,,,
678,15.09,-0.5,-0.29,15.59,15.8,15.25,15.76,16.2,,,
679,15.01,-0.08,0.42,15.09,15.59,15.8,15.25,15.76,,,
680,15.41,0.4,0.48,15.01,15.09,15.59,15.8,15.25,,,
681,15.79,0.38,-0.02,15.41,15.01,15.09,15.59,15.8,,,
682,16.08,0.29,-0.09,15.79,15.41,15.01,15.09,15.59,,,
683,16.33,0.25,-0.04,16.08,15.79,15.41,15.01,15.09,,,
684,16.18,-0.15,-0.4,16.33,16.08,15.79,15.41,15.01,,,
685,16.04,-0.14,0.01,16.18,16.33,16.08,15.79,15.41,,,
686,15.38,-0.66,-0.52,16.04,16.18,16.33,16.08,15.79,,,
687,15.04,-0.34,0.32,15.38,16.04,16.18,16.33,16.08,,,
688,15.21,0.17,0.51,15.04,15.38,16.04,16.18,16.33,,,
689,15.57,0.36,0.19,15.21,15.04,15.38,16.04,16.18,,,
690,15.76,0.19,-0.17,15.57,15.21,15.04,15.38,16.04,,,
691,15.45,-0.31,-0.5,15.76,15.57,15.21,15.04,15.38,,,
692,15.86,0.41,0.72,15.45,15.76,15.57,15.21,15.04,,,
693,15.22,-0.64,-1.05,15.86,15.45,15.76,15.57,15.21,,,
694,14.69,-0.53,0.11,15.22,15.86,15.45,15.76,15.57,,,
695,14.86,0.17,0.7,14.69,15.22,15.86,15.45,15.76,,,
696,15.27,0.41,0.24,14.86,14.69,15.22,15.86,15.45,,,
697,15.53,0.26,-0.15,15.27,14.86,14.69,15.22,15.86,,,
698,15.5,-0.03,-0.29,15.53,15.27,14.86,14.69,15.22,,,
699,16.14,0.64,0.67,15.5,15.53,15.27,14.86,14.69,,,
700,16.14,0,-0.64,16.14,15.5,15.53,15.27,14.86,,,
701,16.4,0.26,0.26,16.14,16.14,15.5,15.53,15.27,,,
702,16.22,-0.18,-0.44,16.4,16.14,16.14,15.5,15.53,,,
703,16.6,0.38,0.56,16.22,16.4,16.14,16.14,15.5,,,
704,16.23,-0.37,-0.75,16.6,16.22,16.4,16.14,16.14,,,
705,16.71,0.48,0.85,16.23,16.6,16.22,16.4,16.14,,,
706,16.52,-0.19,-0.67,16.71,16.23,16.6,16.22,16.4,,,
707,16.63,0.11,0.3,16.52,16.71,16.23,16.6,16.22,,,
708,16.31,-0.32,-0.43,16.63,16.52,16.71,16.23,16.6,,,
709,16.45,0.14,0.46,16.31,16.63,16.52,16.71,16.23,,,
710,16.22,-0.23,-0.37,16.45,16.31,16.63,16.52,16.71,,,
711,16.35,0.13,0.36,16.22,16.45,16.31,16.63,16.52,,,
712,17.37,1.02,0.89,16.35,16.22,16.45,16.31,16.63,,,
713,17.25,-0.12,-1.14,17.37,16.35,16.22,16.45,16.31,,,
714,16.71,-0.54,-0.42,17.25,17.37,16.35,16.22,16.45,,,
715,16.02,-0.69,-0.15,16.71,17.25,17.37,16.35,16.22,,,
716,16.25,0.23,0.92,16.02,16.71,17.25,17.37,16.35,,,
717,16.67,0.42,0.19,16.25,16.02,16.71,17.25,17.37,,,
718,16.39,-0.28,-0.7,16.67,16.25,16.02,16.71,17.25,,,
719,16.39,0,0.28,16.39,16.67,16.25,16.02,16.71,,,
720,16.48,0.09,0.09,16.39,16.39,16.67,16.25,16.02,,,
721,15.85,-0.63,-0.72,16.48,16.39,16.39,16.67,16.25,,,
722,16.06,0.21,0.84,15.85,16.48,16.39,16.39,16.67,,,
723,16.3,0.24,0.03,16.06,15.85,16.48,16.39,16.39,,,
724,16.1,-0.2,-0.44,16.3,16.06,15.85,16.48,16.39,,,
725,16.2,0.1,0.3,16.1,16.3,16.06,15.85,16.48,,,
726,15.95,-0.25,-0.35,16.2,16.1,16.3,16.06,15.85,,,
727,15.64,-0.31,-0.06,15.95,16.2,16.1,16.3,16.06,,,
728,15.65,0.01,0.32,15.64,15.95,16.2,16.1,16.3,,,
729,15.24,-0.41,-0.42,15.65,15.64,15.95,16.2,16.1,,,
730,14.99,-0.25,0.16,15.24,15.65,15.64,15.95,16.2,,,
731,14.73,-0.26,-0.01,14.99,15.24,15.65,15.64,15.95,,,
732,14.7,-0.03,0.23,14.73,14.99,15.24,15.65,15.64,,,
733,14.8,0.1,0.13,14.7,14.73,14.99,15.24,15.65,,,
734,14.92,0.12,0.02,14.8,14.7,14.73,14.99,15.24,,,
735,15.91,0.99,0.87,14.92,14.8,14.7,14.73,14.99,,,
736,15.91,0,-0.99,15.91,14.92,14.8,14.7,14.73,,,
737,16.09,0.18,0.18,15.91,15.91,14.92,14.8,14.7,,,
738,16.33,0.24,0.06,16.09,15.91,15.91,14.92,14.8,,,
739,16.72,0.39,0.15,16.33,16.09,15.91,15.91,14.92,,,
740,16.74,0.02,-0.37,16.72,16.33,16.09,15.91,15.91,,,
741,16.31,-0.43,-0.45,16.74,16.72,16.33,16.09,15.91,,,
742,16.84,0.53,0.96,16.31,16.74,16.72,16.33,16.09,,,
743,16.46,-0.38,-0.91,16.84,16.31,16.74,16.72,16.33,,,
744,16.42,-0.04,0.34,16.46,16.84,16.31,16.74,16.72,,,
745,16.61,0.19,0.23,16.42,16.46,16.84,16.31,16.74,,,
746,16.79,0.18,-0.01,16.61,16.42,16.46,16.84,16.31,,,
747,17.01,0.22,0.04,16.79,16.61,16.42,16.46,16.84,,,
748,16.86,-0.15,-0.37,17.01,16.79,16.61,16.42,16.46,,,
749,17.28,0.42,0.57,16.86,17.01,16.79,16.61,16.42,,,
750,17.69,0.41,-0.01,17.28,16.86,17.01,16.79,16.61,,,
751,18.05,0.36,-0.05,17.69,17.28,16.86,17.01,16.79,,,
752,18.23,0.18,-0.18,18.05,17.69,17.28,16.86,17.01,,,
753,18.01,-0.22,-0.4,18.23,18.05,17.69,17.28,16.86,,,
754,17.83,-0.18,0.04,18.01,18.23,18.05,17.69,17.28,,,
755,18.07,0.24,0.42,17.83,18.01,18.23,18.05,17.69,,,
756,17.91,-0.16,-0.4,18.07,17.83,18.01,18.23,18.05,,,
757,18.36,0.45,0.61,17.91,18.07,17.83,18.01,18.23,,,
758,18.56,0.2,-0.25,18.36,17.91,18.07,17.83,18.01,,,
759,18.55,-0.01,-0.21,18.56,18.36,17.91,18.07,17.83,,,
760,18.65,0.1,0.11,18.55,18.56,18.36,17.91,18.07,,,
761,18.86,0.21,0.11,18.65,18.55,18.56,18.36,17.91,,,
762,18.72,-0.14,-0.35,18.86,18.65,18.55,18.56,18.36,,,
763,18.88,0.16,0.3,18.72,18.86,18.65,18.55,18.56,,,
764,18.93,0.05,-0.11,18.88,18.72,18.86,18.65,18.55,,,
765,18.84,-0.09,-0.14,18.93,18.88,18.72,18.86,18.65,,,
766,18.74,-0.1,-0.01,18.84,18.93,18.88,18.72,18.86,,,
767,19.02,0.28,0.38,18.74,18.84,18.93,18.88,18.72,,,
768,19.15,0.13,-0.15,19.02,18.74,18.84,18.93,18.88,,,
769,19.15,0,-0.13,19.15,19.02,18.74,18.84,18.93,,,
770,18.94,-0.21,-0.21,19.15,19.15,19.02,18.74,18.84,,,
771,18.84,-0.1,0.11,18.94,19.15,19.15,19.02,18.74,,,
772,19.13,0.29,0.39,18.84,18.94,19.15,19.15,19.02,,,
773,19.07,-0.06,-0.35,19.13,18.84,18.94,19.15,19.15,,,
774,19.03,-0.04,0.02,19.07,19.13,18.84,18.94,19.15,,,
775,18.9,-0.13,-0.09,19.03,19.07,19.13,18.84,18.94,,,
776,18.71,-0.19,-0.06,18.9,19.03,19.07,19.13,18.84,,,
777,18.77,0.06,0.25,18.71,18.9,19.03,19.07,19.13,,,
778,18.75,-0.02,-0.08,18.77,18.71,18.9,19.03,19.07,,,
779,19.02,0.27,0.29,18.75,18.77,18.71,18.9,19.03,,,
780,19.05,0.03,-0.24,19.02,18.75,18.77,18.71,18.9,,,
781,19.18,0.13,0.1,19.05,19.02,18.75,18.77,18.71,,,
782,19.24,0.06,-0.07,19.18,19.05,19.02,18.75,18.77,,,
783,19.13,-0.11,-0.17,19.24,19.18,19.05,19.02,18.75,,,
784,18.88,-0.25,-0.14,19.13,19.24,19.18,19.05,19.02,,,
785,19.07,0.19,0.44,18.88,19.13,19.24,19.18,19.05,,,
786,18.94,-0.13,-0.32,19.07,18.88,19.13,19.24,19.18,,,
787,18.76,-0.18,-0.05,18.94,19.07,18.88,19.13,19.24,,,
788,19.01,0.25,0.43,18.76,18.94,19.07,18.88,19.13,,,
789,19.28,0.27,0.02,19.01,18.76,18.94,19.07,18.88,,,
790,19.41,0.13,-0.14,19.28,19.01,18.76,18.94,19.07,,,
791,19.39,-0.02,-0.15,19.41,19.28,19.01,18.76,18.94,,,
792,19.31,-0.08,-0.06,19.39,19.41,19.28,19.01,18.76,,,
793,19.24,-0.07,0.01,19.31,19.39,19.41,19.28,19.01,,,
794,19.07,-0.17,-0.1,19.24,19.31,19.39,19.41,19.28,,,
795,19.16,0.09,0.26,19.07,19.24,19.31,19.39,19.41,,,
796,19.05,-0.11,-0.2,19.16,19.07,19.24,19.31,19.39,,,
797,19.12,0.07,0.18,19.05,19.16,19.07,19.24,19.31,,,
798,18.97,-0.15,-0.22,19.12,19.05,19.16,19.07,19.24,,,
799,18.85,-0.12,0.03,18.97,19.12,19.05,19.16,19.07,,,
800,18.42,-0.43,-0.31,18.85,18.97,19.12,19.05,19.16,,,
801,18.77,0.35,0.78,18.42,18.85,18.97,19.12,19.05,,,
802,19.03,0.26,-0.09,18.77,18.42,18.85,18.97,19.12,,,
803,19.04,0.01,-0.25,19.03,18.77,18.42,18.85,18.97,,,
804,19.13,0.09,0.08,19.04,19.03,18.77,18.42,18.85,,,
805,19.59,0.46,0.37,19.13,19.04,19.03,18.77,18.42,,,
806,19.79,0.2,-0.26,19.59,19.13,19.04,19.03,18.77,,,
807,20.16,0.37,0.17,19.79,19.59,19.13,19.04,19.03,,,
808,20.2,0.04,-0.33,20.16,19.79,19.59,19.13,19.04,,,
809,20.21,0.01,-0.03,20.2,20.16,19.79,19.59,19.13,,,
810,20.07,-0.14,-0.15,20.21,20.2,20.16,19.79,19.59,,,
811,20.07,0,0.14,20.07,20.21,20.2,20.16,19.79,,,
812,19.85,-0.22,-0.22,20.07,20.07,20.21,20.2,20.16,,,
813,19.78,-0.07,0.15,19.85,20.07,20.07,20.21,20.2,,,
814,20.05,0.27,0.34,19.78,19.85,20.07,20.07,20.21,,,
815,20.04,-0.01,-0.28,20.05,19.78,19.85,20.07,20.07,,,
816,20.01,-0.03,-0.02,20.04,20.05,19.78,19.85,20.07,,,
817,19.95,-0.06,-0.03,20.01,20.04,20.05,19.78,19.85,,,
818,20.07,0.12,0.18,19.95,20.01,20.04,20.05,19.78,,,
819,20.02,-0.05,-0.17,20.07,19.95,20.01,20.04,20.05,,,
820,19.96,-0.06,-0.01,20.02,20.07,19.95,20.01,20.04,,,
821,19.74,-0.22,-0.16,19.96,20.02,20.07,19.95,20.01,,,
822,19.49,-0.25,-0.03,19.74,19.96,20.02,20.07,19.95,,,
823,19.2,-0.29,-0.04,19.49,19.74,19.96,20.02,20.07,,,
824,18.74,-0.46,-0.17,19.2,19.49,19.74,19.96,20.02,,,
825,19.01,0.27,0.73,18.74,19.2,19.49,19.74,19.96,,,
826,19.3,0.29,0.02,19.01,18.74,19.2,19.49,19.74,,,
827,18.88,-0.42,-0.71,19.3,19.01,18.74,19.2,19.49,,,
828,18.9,0.02,0.44,18.88,19.3,19.01,18.74,19.2,,,
829,19.34,0.44,0.42,18.9,18.88,19.3,19.01,18.74,,,
830,19.1,-0.24,-0.68,19.34,18.9,18.88,19.3,19.01,,,
831,19.14,0.04,0.28,19.1,19.34,18.9,18.88,19.3,,,
832,19.36,0.22,0.18,19.14,19.1,19.34,18.9,18.88,,,
833,19.07,-0.29,-0.51,19.36,19.14,19.1,19.34,18.9,,,
834,19.54,0.47,0.76,19.07,19.36,19.14,19.1,19.34,,,
835,19.45,-0.09,-0.56,19.54,19.07,19.36,19.14,19.1,,,
836,19.62,0.17,0.26,19.45,19.54,19.07,19.36,19.14,,,
837,19.78,0.16,-0.01,19.62,19.45,19.54,19.07,19.36,,,
838,19.58,-0.2,-0.36,19.78,19.62,19.45,19.54,19.07,,,
839,19.8,0.22,0.42,19.58,19.78,19.62,19.45,19.54,,,
840,19.77,-0.03,-0.25,19.8,19.58,19.78,19.62,19.45,,,
841,19.61,-0.16,-0.13,19.77,19.8,19.58,19.78,19.62,,,
842,19.34,-0.27,-0.11,19.61,19.77,19.8,19.58,19.78,,,
843,19.32,-0.02,0.25,19.34,19.61,19.77,19.8,19.58,,,
844,19.25,-0.07,-0.05,19.32,19.34,19.61,19.77,19.8,,,
845,18.91,-0.34,-0.27,19.25,19.32,19.34,19.61,19.77,,,
846,19.09,0.18,0.52,18.91,19.25,19.32,19.34,19.61,,,
847,19.01,-0.08,-0.26,19.09,18.91,19.25,19.32,19.34,,,
848,18.6,-0.41,-0.33,19.01,19.09,18.91,19.25,19.32,,,
849,18.4,-0.2,0.21,18.6,19.01,19.09,18.91,19.25,,,
850,19,0.6,0.8,18.4,18.6,19.01,19.09,18.91,,,
851,18.88,-0.12,-0.72,19,18.4,18.6,19.01,19.09,,,
852,18.95,0.07,0.19,18.88,19,18.4,18.6,19.01,,,
853,19.12,0.17,0.1,18.95,18.88,19,18.4,18.6,,,
854,19.18,0.06,-0.11,19.12,18.95,18.88,19,18.4,,,
855,19.18,0,-0.06,19.18,19.12,18.95,18.88,19,,,
856,19.25,0.07,0.07,19.18,19.18,19.12,18.95,18.88,,,
857,19.2,-0.05,-0.12,19.25,19.18,19.18,19.12,18.95,,,
858,19.35,0.15,0.2,19.2,19.25,19.18,19.18,19.12,,,
859,19.04,-0.31,-0.46,19.35,19.2,19.25,19.18,19.18,,,
860,19.09,0.05,0.36,19.04,19.35,19.2,19.25,19.18,,,
861,18.54,-0.55,-0.6,19.09,19.04,19.35,19.2,19.25,,,
862,18.15,-0.39,0.16,18.54,19.09,19.04,19.35,19.2,,,
863,18.24,0.09,0.48,18.15,18.54,19.09,19.04,19.35,,,
864,18.88,0.64,0.55,18.24,18.15,18.54,19.09,19.04,,,
865,19,0.12,-0.52,18.88,18.24,18.15,18.54,19.09,,,
866,19.2,0.2,0.08,19,18.88,18.24,18.15,18.54,,,
867,19.11,-0.09,-0.29,19.2,19,18.88,18.24,18.15,,,
868,19.48,0.37,0.46,19.11,19.2,19,18.88,18.24,,,
869,19.37,-0.11,-0.48,19.48,19.11,19.2,19,18.88,,,
870,19.72,0.35,0.46,19.37,19.48,19.11,19.2,19,,,
871,20,0.28,-0.07,19.72,19.37,19.48,19.11,19.2,,,
872,19.75,-0.25,-0.53,20,19.72,19.37,19.48,19.11,,,
873,20,0.25,0.5,19.75,20,19.72,19.37,19.48,,,
874,20.1,0.1,-0.15,20,19.75,20,19.72,19.37,,,
875,19.53,-0.57,-0.67,20.1,20,19.75,20,19.72,,,
876,19.81,0.28,0.85,19.53,20.1,20,19.75,20,,,
877,19.52,-0.29,-0.57,19.81,19.53,20.1,20,19.75,,,
878,19.8,0.28,0.57,19.52,19.81,19.53,20.1,20,,,
879,20.13,0.33,0.05,19.8,19.52,19.81,19.53,20.1,,,
880,20.2,0.07,-0.26,20.13,19.8,19.52,19.81,19.53,,,
881,20.84,0.64,0.57,20.2,20.13,19.8,19.52,19.81,,,
882,20.49,-0.35,-0.99,20.84,20.2,20.13,19.8,19.52,,,
883,20.43,-0.06,0.29,20.49,20.84,20.2,20.13,19.8,,,
884,20.33,-0.1,-0.04,20.43,20.49,20.84,20.2,20.13,,,
885,20,-0.33,-0.23,20.33,20.43,20.49,20.84,20.2,,,
886,20.04,0.04,0.37,20,20.33,20.43,20.49,20.84,,,
887,19.62,-0.42,-0.46,20.04,20,20.33,20.43,20.49,,,
888,19.68,0.06,0.48,19.62,20.04,20,20.33,20.43,,,
889,19.44,-0.24,-0.3,19.68,19.62,20.04,20,20.33,,,
890,19.77,0.33,0.57,19.44,19.68,19.62,20.04,20,,,
891,19.59,-0.18,-0.51,19.77,19.44,19.68,19.62,20.04,,,
892,19.72,0.13,0.31,19.59,19.77,19.44,19.68,19.62,,,
893,19.84,0.12,-0.01,19.72,19.59,19.77,19.44,19.68,,,
894,19.8,-0.04,-0.16,19.84,19.72,19.59,19.77,19.44,,,
895,19.87,0.07,0.11,19.8,19.84,19.72,19.59,19.77,,,
896,20.09,0.22,0.15,19.87,19.8,19.84,19.72,19.59,,,
897,19.97,-0.12,-0.34,20.09,19.87,19.8,19.84,19.72,,,
898,20,0.03,0.15,19.97,20.09,19.87,19.8,19.84,,,
899,20.56,0.56,0.53,20,19.97,20.09,19.87,19.8,,,
900,20.92,0.36,-0.2,20.56,20,19.97,20.09,19.87,,,
901,20.8,-0.12,-0.48,20.92,20.56,20,19.97,20.09,,,
902,20.75,-0.05,0.07,20.8,20.92,20.56,20,19.97,,,
903,20.73,-0.02,0.03,20.75,20.8,20.92,20.56,20,,,
904,20.52,-0.21,-0.19,20.73,20.75,20.8,20.92,20.56,,,
905,20.96,0.44,0.65,20.52,20.73,20.75,20.8,20.92,,,
906,20.97,0.01,-0.43,20.96,20.52,20.73,20.75,20.8,,,
907,21.12,0.15,0.14,20.97,20.96,20.52,20.73,20.75,,,
908,21.01,-0.11,-0.26,21.12,20.97,20.96,20.52,20.73,,,
909,21.06,0.05,0.16,21.01,21.12,20.97,20.96,20.52,,,
910,21.1,0.04,-0.01,21.06,21.01,21.12,20.97,20.96,,,
